{"cameraMode":{"drawMode":0,"name":"Shaded","section":"Shading Mode"},"sceneLighting":true,"audioPlay":false,"sceneViewState":{"m_AlwaysRefresh":false,"showFog":true,"showSkybox":true,"showFlares":true,"showImageEffects":true,"showParticleSystems":true,"showVisualEffectGraphs":true,"m_FxEnabled":true},"in2DMode":false,"pivot":{"x":-0.46916913986206057,"y":1.6068027019500733,"z":-0.44399356842041018},"rotation":{"x":-0.053141821175813678,"y":0.9139119386672974,"z":-0.1272149682044983,"w":-0.38177070021629336},"size":139.8699188232422,"orthographic":false}